<?xml version="1.0" encoding="UTF-8"?><idempiere Name="A_Depreciation" Version="1.0.0" idempiereVersion="12.0.0.202512300826" DataBaseVersion="2024-12-24" Description="" Author="System" AuthorEmail="system @ idempiere.com" CreatedDate="Thu Jan 01 01:32:41 COT 2026" UpdatedDate="Thu Jan 01 01:32:41 COT 2026" PackOutVersion="100" UpdateDictionary="false" Client="0-SYSTEM-System" AD_Client_UU="11237b53-9592-4af1-b3c5-afd216514b5d">
    <A_Depreciation type="table">
        <AD_Client_ID>0</AD_Client_ID>
        <AD_Org_ID>0</AD_Org_ID>
        <DepreciationType>DB2SL</DepreciationType>
        <Description>Declining Balance 200% switch to Straight Line in the end of period</Description>
        <IsActive>Y</IsActive>
        <Name>Declining Balance 200% </Name>
        <Processed>N</Processed>
        <Text/>
        <A_Depreciation_UU>680da124-8f5f-401e-ba83-50b31faf4d11</A_Depreciation_UU>
    </A_Depreciation>
    <A_Depreciation type="table">
        <AD_Client_ID>0</AD_Client_ID>
        <AD_Org_ID>0</AD_Org_ID>
        <DepreciationType>DB1SL</DepreciationType>
        <Description>Declining Balance 150% switch to Straight Line in the end of period</Description>
        <IsActive>Y</IsActive>
        <Name>Declining Balance 150% </Name>
        <Processed>N</Processed>
        <Text/>
        <A_Depreciation_UU>3a5e32ae-aa26-40f7-b672-5063d19a4833</A_Depreciation_UU>
    </A_Depreciation>
    <A_Depreciation type="table">
        <AD_Client_ID>0</AD_Client_ID>
        <AD_Org_ID>0</AD_Org_ID>
        <DepreciationType>SL</DepreciationType>
        <Description>Straight Line method</Description>
        <IsActive>Y</IsActive>
        <Name>Straight Line method</Name>
        <Processed>N</Processed>
        <Text/>
        <A_Depreciation_UU>e3dd5ff7-2f83-4025-a066-5749d1a070d6</A_Depreciation_UU>
    </A_Depreciation>
</idempiere>
